"","reference","paperID","common_name","species","animal"
"1","Bestion et al. 2015","p001","common lizard","Zootoca vivipara","Zootoca vivipara"
"2","Lacey 2004","p002","social tuco-tuco","Ctenomys sociabilis","Ctenomys sociabilis"
"3","Lacey 2004","p002","social tuco-tuco","Ctenomys sociabilis","Ctenomys sociabilis"
"4","Lacey 2004","p002","social tuco-tuco","Ctenomys sociabilis","Ctenomys sociabilis"
"5","Lacey 2004","p002","social tuco-tuco","Ctenomys sociabilis","Ctenomys sociabilis"
"6","Lacey 2004","p002","social tuco-tuco","Ctenomys sociabilis","Ctenomys sociabilis"
"7","Warren & Baines 2007","p003","red grouse","Lagopus lagopus & Lagopus lagopus scoticus","Lagopus lagopus"
"8","Warren & Baines 2007","p003","red grouse","Lagopus lagopus & Lagopus lagopus scoticus","Lagopus lagopus"
"9","Smith & Anderson 2001","p004","elk","Cervus elaphus","Cervus elaphus"
"10","Smith 1993","p005","tiger","Panthera tigris & Panthera tigris tigris","Panthera tigris"
"11","Smith 1993","p005","tiger","Panthera tigris & Panthera tigris tigris","Panthera tigris"
"12","Matthews et al. 2013","p006","fisher","Martes pennanti","Martes pennanti"
"13","Stillman et al. 2022","p007","black-backed woodpecker","Picoides arcticus","Picoides arcticus"
"14","Zepeda et al. 2021","p008","coyote","Canis latrans","Canis latrans"
"15","Dueser et al. 1981","p009","meadow vole","Microtus pennsylvanicus","Microtus pennsylvanicus"
"16","Dueser et al. 1981","p009","meadow vole","Microtus pennsylvanicus","Microtus pennsylvanicus"
"17","Dueser et al. 1981","p009","meadow vole","Microtus pennsylvanicus","Microtus pennsylvanicus"
"18","Dueser et al. 1981","p009","meadow vole","Microtus pennsylvanicus","Microtus pennsylvanicus"
"19","Newton & Marquiss 1983","p010","sparrowhawk","Accipiter nisus","Accipiter nisus"
"20","Newton & Marquiss 1983","p010","sparrowhawk","Accipiter nisus","Accipiter nisus"
"21","Newton & Marquiss 1983","p010","sparrowhawk","Accipiter nisus","Accipiter nisus"
"22","Newton & Marquiss 1983","p010","sparrowhawk","Accipiter nisus","Accipiter nisus"
"23","Newton & Marquiss 1983","p010","sparrowhawk","Accipiter nisus","Accipiter nisus"
"24","Newton & Marquiss 1983","p010","sparrowhawk","Accipiter nisus","Accipiter nisus"
"25","Johnson & Gaines 1985","p011","prairie vole","Microtus ochrogaster","Microtus ochrogaster"
"26","Johnson & Gaines 1985","p011","prairie vole","Microtus ochrogaster","Microtus ochrogaster"
"27","Johnson & Gaines 1985","p011","prairie vole","Microtus ochrogaster","Microtus ochrogaster"
"28","Johnson & Gaines 1985","p011","prairie vole","Microtus ochrogaster","Microtus ochrogaster"
"29","Johnson & Gaines 1985","p011","prairie vole","Microtus ochrogaster","Microtus ochrogaster"
"30","Johnson & Gaines 1985","p011","prairie vole","Microtus ochrogaster","Microtus ochrogaster"
"31","Johnson & Gaines 1985","p011","prairie vole","Microtus ochrogaster","Microtus ochrogaster"
"32","Johnson & Gaines 1985","p011","prairie vole","Microtus ochrogaster","Microtus ochrogaster"
"33","Johnson & Gaines 1985","p011","prairie vole","Microtus ochrogaster","Microtus ochrogaster"
"34","Johnson & Gaines 1985","p011","prairie vole","Microtus ochrogaster","Microtus ochrogaster"
"35","Johnson & Gaines 1985","p011","prairie vole","Microtus ochrogaster","Microtus ochrogaster"
"36","Johnson & Gaines 1985","p011","prairie vole","Microtus ochrogaster","Microtus ochrogaster"
"37","Jones 1986","p012","banner-tailed kangaroo rat","Dipodomys spectabilis","Dipodomys spectabilis"
"38","Jones 1986","p012","banner-tailed kangaroo rat","Dipodomys spectabilis","Dipodomys spectabilis"
"39","Jones 1986","p012","banner-tailed kangaroo rat","Dipodomys spectabilis","Dipodomys spectabilis"
"40","Jones 1986","p012","banner-tailed kangaroo rat","Dipodomys spectabilis","Dipodomys spectabilis"
"41","Krohne & Burgin 1987","p013","white-footed mouse","Peromyscus leucopus","Peromyscus leucopus"
"42","Krohne & Burgin 1987","p013","white-footed mouse","Peromyscus leucopus","Peromyscus leucopus"
"43","Krohne & Burgin 1987","p013","white-footed mouse","Peromyscus leucopus","Peromyscus leucopus"
"44","Johnson & Gaines 1987","p014","prairie vole","Microtus ochrogaster","Microtus ochrogaster"
"45","Johnson & Gaines 1987","p014","prairie vole","Microtus ochrogaster","Microtus ochrogaster"
"46","Johnson & Gaines 1987","p014","prairie vole","Microtus ochrogaster","Microtus ochrogaster"
"47","Johnson & Gaines 1987","p014","prairie vole","Microtus ochrogaster","Microtus ochrogaster"
"48","Johnson & Gaines 1987","p014","prairie vole","Microtus ochrogaster","Microtus ochrogaster"
"49","Johnson & Gaines 1987","p014","prairie vole","Microtus ochrogaster","Microtus ochrogaster"
"50","Johnson & Gaines 1987","p014","prairie vole","Microtus ochrogaster","Microtus ochrogaster"
"51","Johnson & Gaines 1987","p014","prairie vole","Microtus ochrogaster","Microtus ochrogaster"
"52","Johnson & Gaines 1987","p014","prairie vole","Microtus ochrogaster","Microtus ochrogaster"
"53","Johnson & Gaines 1987","p014","prairie vole","Microtus ochrogaster","Microtus ochrogaster"
"54","Johnson & Gaines 1987","p014","prairie vole","Microtus ochrogaster","Microtus ochrogaster"
"55","Johnson & Gaines 1987","p014","prairie vole","Microtus ochrogaster","Microtus ochrogaster"
"56","Garrett & Franklin 1988","p015","black-tailed prairie dog","Cynomys ludovicianus","Cynomys ludovicianus"
"57","Creel & Waser 1994","p016","dwarf mongoose","Helogale parvula","Helogale parvula"
"58","Creel & Waser 1994","p016","dwarf mongoose","Helogale parvula","Helogale parvula"
"59","Wolff et al. 1988","p017","white-footed mouse","Peromyscus leucopus","Peromyscus leucopus"
"60","Clobert et al. 1988","p018","great tit","Parus major","Parus major"
"61","Clobert et al. 1988","p018","great tit","Parus major","Parus major"
"62","Schieek & Hannon 1989","p019","willow ptarmigan","Lagopus lagopus & Lagopus lagopus scoticus","Lagopus lagopus"
"63","Schieek & Hannon 1989","p019","willow ptarmigan","Lagopus lagopus & Lagopus lagopus scoticus","Lagopus lagopus"
"64","Schieek & Hannon 1989","p019","willow ptarmigan","Lagopus lagopus & Lagopus lagopus scoticus","Lagopus lagopus"
"65","Schieek & Hannon 1989","p019","willow ptarmigan","Lagopus lagopus & Lagopus lagopus scoticus","Lagopus lagopus"
"66","Schieek & Hannon 1989","p019","willow ptarmigan","Lagopus lagopus & Lagopus lagopus scoticus","Lagopus lagopus"
"67","Schieek & Hannon 1989","p019","willow ptarmigan","Lagopus lagopus & Lagopus lagopus scoticus","Lagopus lagopus"
"68","Schieek & Hannon 1989","p019","willow ptarmigan","Lagopus lagopus & Lagopus lagopus scoticus","Lagopus lagopus"
"69","Schieek & Hannon 1989","p019","willow ptarmigan","Lagopus lagopus & Lagopus lagopus scoticus","Lagopus lagopus"
"70","Schieek & Hannon 1989","p019","willow ptarmigan","Lagopus lagopus & Lagopus lagopus scoticus","Lagopus lagopus"
"71","Schieek & Hannon 1989","p019","willow ptarmigan","Lagopus lagopus & Lagopus lagopus scoticus","Lagopus lagopus"
"72","Elowe et al. 1989","p020","black bear","Ursus americanus","Ursus americanus"
"73","Nilsson 1989","p021","marsh tit","Parus palustris","Parus palustris"
"74","Nilsson 1989","p021","marsh tit","Parus palustris","Parus palustris"
"75","Nilsson 1989","p021","marsh tit","Parus palustris","Parus palustris"
"76","Nilsson 1989","p021","marsh tit","Parus palustris","Parus palustris"
"77","Pårt & Gustafsson 1989","p022","collared flycatcher","Ficedula albicollis","Ficedula albicollis"
"78","Pårt & Gustafsson 1989","p022","collared flycatcher","Ficedula albicollis","Ficedula albicollis"
"79","Pårt & Gustafsson 1989","p022","collared flycatcher","Ficedula albicollis","Ficedula albicollis"
"80","Pårt & Gustafsson 1989","p022","collared flycatcher","Ficedula albicollis","Ficedula albicollis"
"81","Pårt & Gustafsson 1989","p022","collared flycatcher","Ficedula albicollis","Ficedula albicollis"
"82","Pårt & Gustafsson 1989","p022","collared flycatcher","Ficedula albicollis","Ficedula albicollis"
"83","Pårt & Gustafsson 1989","p022","collared flycatcher","Ficedula albicollis","Ficedula albicollis"
"84","Pårt & Gustafsson 1989","p022","collared flycatcher","Ficedula albicollis","Ficedula albicollis"
"85","Pårt & Gustafsson 1989","p022","collared flycatcher","Ficedula albicollis","Ficedula albicollis"
"86","Pårt & Gustafsson 1989","p022","collared flycatcher","Ficedula albicollis","Ficedula albicollis"
"87","Pårt & Gustafsson 1989","p022","collared flycatcher","Ficedula albicollis","Ficedula albicollis"
"88","Pårt & Gustafsson 1989","p022","collared flycatcher","Ficedula albicollis","Ficedula albicollis"
"89","Pårt & Gustafsson 1989","p022","collared flycatcher","Ficedula albicollis","Ficedula albicollis"
"90","Pårt & Gustafsson 1989","p022","collared flycatcher","Ficedula albicollis","Ficedula albicollis"
"91","Pårt & Gustafsson 1989","p022","collared flycatcher","Ficedula albicollis","Ficedula albicollis"
"92","Pårt & Gustafsson 1989","p022","collared flycatcher","Ficedula albicollis","Ficedula albicollis"
"93","Pårt & Gustafsson 1989","p022","collared flycatcher","Ficedula albicollis","Ficedula albicollis"
"94","Pårt & Gustafsson 1989","p022","collared flycatcher","Ficedula albicollis","Ficedula albicollis"
"95","Pårt & Gustafsson 1989","p022","collared flycatcher","Ficedula albicollis","Ficedula albicollis"
"96","Pårt & Gustafsson 1989","p022","collared flycatcher","Ficedula albicollis","Ficedula albicollis"
"97","Pårt & Gustafsson 1989","p022","collared flycatcher","Ficedula albicollis","Ficedula albicollis"
"98","Pårt & Gustafsson 1989","p022","collared flycatcher","Ficedula albicollis","Ficedula albicollis"
"99","Pårt & Gustafsson 1989","p022","collared flycatcher","Ficedula albicollis","Ficedula albicollis"
"100","Pårt & Gustafsson 1989","p022","collared flycatcher","Ficedula albicollis","Ficedula albicollis"
"101","Pårt & Gustafsson 1989","p022","collared flycatcher","Ficedula albicollis","Ficedula albicollis"
"102","Pårt & Gustafsson 1989","p022","collared flycatcher","Ficedula albicollis","Ficedula albicollis"
"103","Pårt & Gustafsson 1989","p022","collared flycatcher","Ficedula albicollis","Ficedula albicollis"
"104","Pårt & Gustafsson 1989","p022","collared flycatcher","Ficedula albicollis","Ficedula albicollis"
"105","Strickland 1991","p023","gray jay","Perisoreus canadensis","Perisoreus canadensis"
"106","Strickland 1991","p023","gray jay","Perisoreus canadensis","Perisoreus canadensis"
"107","Strickland 1991","p023","gray jay","Perisoreus canadensis","Perisoreus canadensis"
"108","Montalvo & Potti 1992","p024","pied flycatcher","Ficedula hypoleuca","Ficedula hypoleuca"
"109","Montalvo & Potti 1992","p024","pied flycatcher","Ficedula hypoleuca","Ficedula hypoleuca"
"110","Montalvo & Potti 1992","p024","pied flycatcher","Ficedula hypoleuca","Ficedula hypoleuca"
"111","Montalvo & Potti 1992","p024","pied flycatcher","Ficedula hypoleuca","Ficedula hypoleuca"
"112","Montalvo & Potti 1992","p024","pied flycatcher","Ficedula hypoleuca","Ficedula hypoleuca"
"113","Montalvo & Potti 1992","p024","pied flycatcher","Ficedula hypoleuca","Ficedula hypoleuca"
"114","Montalvo & Potti 1992","p024","pied flycatcher","Ficedula hypoleuca","Ficedula hypoleuca"
"115","Montalvo & Potti 1992","p024","pied flycatcher","Ficedula hypoleuca","Ficedula hypoleuca"
"116","Schwartz & Franzmann 1992","p025","black bear","Ursus americanus","Ursus americanus"
"117","Schwartz & Franzmann 1992","p025","black bear","Ursus americanus","Ursus americanus"
"118","Glander 1992","p026","mantled howling monkey","Alouatta palliata","Alouatta palliata"
"119","Glander 1992","p026","mantled howling monkey","Alouatta palliata","Alouatta palliata"
"120","Beaudette & Keppie 1992","p027","spruce grouse","Falcipennis canadensis","Falcipennis canadensis"
"121","Beaudette & Keppie 1992","p027","spruce grouse","Falcipennis canadensis","Falcipennis canadensis"
"122","Paye & Payne 1993","p028","indigo bunting","Passerina cyanea","Passerina cyanea"
"123","Paye & Payne 1993","p028","indigo bunting","Passerina cyanea","Passerina cyanea"
"124","Paye & Payne 1993","p028","indigo bunting","Passerina cyanea","Passerina cyanea"
"125","Paye & Payne 1993","p028","indigo bunting","Passerina cyanea","Passerina cyanea"
"126","Paye & Payne 1993","p028","indigo bunting","Passerina cyanea","Passerina cyanea"
"127","Paye & Payne 1993","p028","indigo bunting","Passerina cyanea","Passerina cyanea"
"128","Paye & Payne 1993","p028","indigo bunting","Passerina cyanea","Passerina cyanea"
"129","Paye & Payne 1993","p028","indigo bunting","Passerina cyanea","Passerina cyanea"
"130","Paye & Payne 1993","p028","indigo bunting","Passerina cyanea","Passerina cyanea"
"131","Paye & Payne 1993","p028","indigo bunting","Passerina cyanea","Passerina cyanea"
"132","Paye & Payne 1993","p028","indigo bunting","Passerina cyanea","Passerina cyanea"
"133","Paye & Payne 1993","p028","indigo bunting","Passerina cyanea","Passerina cyanea"
"134","Breitenmoser et al. 1993","p029","eurasian lynx","Lynx lynx","Lynx lynx"
"135","Wiggett & Boag 1993","p030","colombian ground squirrel","Spermophilus columbianus","Spermophilus columbianus"
"136","Wiggett & Boag 1993","p030","colombian ground squirrel","Spermophilus columbianus","Spermophilus columbianus"
"137","Wiggett & Boag 1993","p030","colombian ground squirrel","Spermophilus columbianus","Spermophilus columbianus"
"138","Wiggett & Boag 1993","p030","colombian ground squirrel","Spermophilus columbianus","Spermophilus columbianus"
"139","Small et al. 1993","p031","ruffed grouse","Bonasa umbellus","Bonasa umbellus"
"140","Small et al. 1993","p031","ruffed grouse","Bonasa umbellus","Bonasa umbellus"
"141","Small et al. 1993","p031","ruffed grouse","Bonasa umbellus","Bonasa umbellus"
"142","Small et al. 1993","p031","ruffed grouse","Bonasa umbellus","Bonasa umbellus"
"143","Small et al. 1993","p031","ruffed grouse","Bonasa umbellus","Bonasa umbellus"
"144","Small et al. 1993","p031","ruffed grouse","Bonasa umbellus","Bonasa umbellus"
"145","Sæther & Heim 1993","p032","moose","Alces alces","Alces alces"
"146","Korpimäki 1993","p033","tengmalm's owl","Aegolius funereus","Aegolius funereus"
"147","Korpimäki 1993","p033","tengmalm's owl","Aegolius funereus","Aegolius funereus"
"148","Larsen & Boutin 1994","p034","north american red squirrel","Tamiasciurus hudsonicus","Tamiasciurus hudsonicus"
"149","Pärt 1994","p035","collared flycatcher","Ficedula albicollis","Ficedula albicollis"
"150","Pärt 1994","p035","collared flycatcher","Ficedula albicollis","Ficedula albicollis"
"151","Wauters et al. 1994","p036","eurasian red squirrels","Sciurus vulgaris","Sciurus vulgaris"
"152","Wauters et al. 1994","p036","eurasian red squirrels","Sciurus vulgaris","Sciurus vulgaris"
"153","Wauters et al. 1994","p036","eurasian red squirrels","Sciurus vulgaris","Sciurus vulgaris"
"154","Wauters et al. 1994","p036","eurasian red squirrels","Sciurus vulgaris","Sciurus vulgaris"
"155","Wauters et al. 1994","p036","eurasian red squirrels","Sciurus vulgaris","Sciurus vulgaris"
"156","Wauters et al. 1994","p036","eurasian red squirrels","Sciurus vulgaris","Sciurus vulgaris"
"157","Wauters et al. 1994","p036","eurasian red squirrels","Sciurus vulgaris","Sciurus vulgaris"
"158","Wauters et al. 1994","p036","eurasian red squirrels","Sciurus vulgaris","Sciurus vulgaris"
"159","Getz et al. 1994","p037","prairie vole","Microtus ochrogaster","Microtus ochrogaster"
"160","Getz et al. 1994","p037","prairie vole","Microtus ochrogaster","Microtus ochrogaster"
"161","Getz et al. 1994","p037","prairie vole","Microtus ochrogaster","Microtus ochrogaster"
"162","Getz et al. 1994","p037","prairie vole","Microtus ochrogaster","Microtus ochrogaster"
"163","Getz et al. 1994","p037","prairie vole","Microtus ochrogaster","Microtus ochrogaster"
"164","Getz et al. 1994","p037","prairie vole","Microtus ochrogaster","Microtus ochrogaster"
"165","Getz et al. 1994","p037","prairie vole","Microtus ochrogaster","Microtus ochrogaster"
"166","Van Vuren & Armitage 1994","p038","yellow-bellied marmot","Marmota flaviventris","Marmota flaviventris"
"167","Van Vuren & Armitage 1994","p038","yellow-bellied marmot","Marmota flaviventris","Marmota flaviventris"
"168","Steen 1994","p039","root vole","Microtus oeconomus","Microtus oeconomus"
"169","Malizia et al. 1995","p040","tuco tuco","Ctenomys talarum","Ctenomys talarum"
"170","Alberts & Altmann 1995","p041","yellow baboon","Papio cynocephalus","Papio cynocephalus"
"171","Stuart-Smith & Boutin 1995","p042","north american red squirrel","Tamiasciurus hudsonicus","Tamiasciurus hudsonicus"
"172","Plissner & Gowaty 1996","p043","eastern bluebird","Sialia sialis","Sialia sialis"
"173","Plissner & Gowaty 1996","p043","eastern bluebird","Sialia sialis","Sialia sialis"
"174","Forbes & Theberge 1996","p044","gray wolf","Canis lupus & Canis lupus arabs","Canis lupus"
"175","Tannerfeldt & Angerbjörn 1996","p045","arctic fox","Alopex lagopus","Alopex lagopus"
"176","Tannerfeldt & Angerbjörn 1996","p045","arctic fox","Alopex lagopus","Alopex lagopus"
"177","Tannerfeldt & Angerbjörn 1996","p045","arctic fox","Alopex lagopus","Alopex lagopus"
"178","Monard & Duncan 1996","p046","horse","Equus caballus","Equus caballus"
"179","Monard & Duncan 1996","p046","horse","Equus caballus","Equus caballus"
"180","Lenihan & Van Vuren 1996","p047","yellow-bellied marmot","Marmota flaviventris","Marmota flaviventris"
"181","Schauster et al. 2002","p048","swift fox","Vulpes velox","Vulpes velox"
"182","Schauster et al. 2002","p048","swift fox","Vulpes velox","Vulpes velox"
"183","Schauster et al. 2002","p048","swift fox","Vulpes velox","Vulpes velox"
"184","Schauster et al. 2002","p048","swift fox","Vulpes velox","Vulpes velox"
"185","Schauster et al. 2002","p048","swift fox","Vulpes velox","Vulpes velox"
"186","Schauster et al. 2002","p048","swift fox","Vulpes velox","Vulpes velox"
"187","Miller & Smallwood 1997","p049","american kestrel","Falco sparverius","Falco sparverius"
"188","Miller & Smallwood 1997","p049","american kestrel","Falco sparverius","Falco sparverius"
"189","Poole 1997","p050","canada lynx","Lynx lynx","Lynx lynx"
"190","Lindberg & Sedinger 1997","p051","black brant","Branta bernicla nigricans","Branta bernicla nigricans"
"191","Gese & Mech 1991","p052","gray wolf","Canis lupus & Canis lupus arabs","Canis lupus"
"192","Gese & Mech 1991","p052","gray wolf","Canis lupus & Canis lupus arabs","Canis lupus"
"193","Mappes et al. 1995","p053","bank vole","Clethrionomys glareolus","Clethrionomys glareolus"
"194","Olsson et al. 1997","p054","sand lizard","Lacerta agilis","Lacerta agilis"
"195","Olsson et al. 1997","p054","sand lizard","Lacerta agilis","Lacerta agilis"
"196","Olsson et al. 1997","p054","sand lizard","Lacerta agilis","Lacerta agilis"
"197","Olsson et al. 1997","p054","sand lizard","Lacerta agilis","Lacerta agilis"
"198","Olsson et al. 1997","p054","sand lizard","Lacerta agilis","Lacerta agilis"
"199","Olsson et al. 1997","p054","sand lizard","Lacerta agilis","Lacerta agilis"
"200","Olsson et al. 1997","p054","sand lizard","Lacerta agilis","Lacerta agilis"
"201","Miller et al. 1997","p055","northern spotted owl","Strix occidentalis caurina","Strix occidentalis caurina"
"202","Jones 1988","p056","banner-tailed kangaroo rat","Dipodomys spectabilis","Dipodomys spectabilis"
"203","Jones 1988","p056","banner-tailed kangaroo rat","Dipodomys spectabilis","Dipodomys spectabilis"
"204","Ishibashi et al. 1998","p057","grey red-backed vole/grey-sided vole","Clethrionomys rufocanus","Clethrionomys rufocanus"
"205","Ishibashi et al. 1998","p057","grey red-backed vole/grey-sided vole","Clethrionomys rufocanus","Clethrionomys rufocanus"
"206","Ishibashi et al. 1998","p057","grey red-backed vole/grey-sided vole","Clethrionomys rufocanus","Clethrionomys rufocanus"
"207","Scensson 1998","p058","dark whirligig beetle","Gyrinus opacus","Gyrinus opacus"
"208","Scensson 1998","p058","dark whirligig beetle","Gyrinus opacus","Gyrinus opacus"
"209","Olson & Van Horne 1998","p059","townsend’s ground squirrels","Spermophilus townsendii","Spermophilus townsendii"
"210","Ganey et al. 1998","p060","mexican spotted owl","Strix occidentalis lucida","Strix occidentalis lucida"
"211","Byrom & Krebs 1999","p061","arctic ground squirrel","Spermophilus parryii plesius","Spermophilus parryii plesius"
"212","Ekman et al. 1999","p062","siberian jay","Perisoreus infaustus","Perisoreus infaustus"
"213","Ekman et al. 1999","p062","siberian jay","Perisoreus infaustus","Perisoreus infaustus"
"214","Loison et al. 1999","p063","chamois","Rupicapra rupicapra","Rupicapra rupicapra"
"215","Lozano & Lemon 1999","p064","yellow warbler","Dendroica petechia","Dendroica petechia"
"216","Lozano & Lemon 1999","p064","yellow warbler","Dendroica petechia","Dendroica petechia"
"217","Rosenberry et al. 1999","p065","white-tailed deer","Odocoileus virginianus","Odocoileus virginianus"
"218","Hefner & Green 1999","p066","arabian wolf","Canis lupus & Canis lupus arabs","Canis lupus"
"219","Boyd & Pletscher 1999","p067","gray wolf","Canis lupus & Canis lupus arabs","Canis lupus"
"220","Boyd & Pletscher 1999","p067","gray wolf","Canis lupus & Canis lupus arabs","Canis lupus"
"221","Boyd & Pletscher 1999","p067","gray wolf","Canis lupus & Canis lupus arabs","Canis lupus"
"222","Berteaux & Boutin 2000","p069","north american red squirrel","Tamiasciurus hudsonicus","Tamiasciurus hudsonicus"
"223","Berteaux & Boutin 2000","p069","north american red squirrel","Tamiasciurus hudsonicus","Tamiasciurus hudsonicus"
"224","Berteaux & Boutin 2000","p069","north american red squirrel","Tamiasciurus hudsonicus","Tamiasciurus hudsonicus"
"225","Berteaux & Boutin 2000","p069","north american red squirrel","Tamiasciurus hudsonicus","Tamiasciurus hudsonicus"
"226","Berteaux & Boutin 2000","p069","north american red squirrel","Tamiasciurus hudsonicus","Tamiasciurus hudsonicus"
"227","Berteaux & Boutin 2000","p069","north american red squirrel","Tamiasciurus hudsonicus","Tamiasciurus hudsonicus"
"228","Berteaux & Boutin 2000","p069","north american red squirrel","Tamiasciurus hudsonicus","Tamiasciurus hudsonicus"
"229","Berteaux & Boutin 2000","p069","north american red squirrel","Tamiasciurus hudsonicus","Tamiasciurus hudsonicus"
"230","Berteaux & Boutin 2000","p069","north american red squirrel","Tamiasciurus hudsonicus","Tamiasciurus hudsonicus"
"231","Berteaux & Boutin 2000","p069","north american red squirrel","Tamiasciurus hudsonicus","Tamiasciurus hudsonicus"
"232","Berteaux & Boutin 2000","p069","north american red squirrel","Tamiasciurus hudsonicus","Tamiasciurus hudsonicus"
"233","Gillis & Krebs 2000","p070","snowshoe hare","Lepus americanus","Lepus americanus"
"234","Koopman et al. 2000","p071","san joaquin kit fox","Vulpes macrotis mutica","Vulpes macrotis"
"235","Koopman et al. 2000","p071","san joaquin kit fox","Vulpes macrotis mutica","Vulpes macrotis"
"236","van der Jeugd 2001","p072","baltic barnacle goose","Branta leucopsis","Branta leucopsis"
"237","van der Jeugd 2001","p072","baltic barnacle goose","Branta leucopsis","Branta leucopsis"
"238","van der Jeugd 2001","p072","baltic barnacle goose","Branta leucopsis","Branta leucopsis"
"239","Real & Mañosa 2001","p073","bonelli's eagle","Hieraaetus fasciatus","Hieraaetus fasciatus"
"240","Byrom 2002","p074","ferret","Mustela furo","Mustela furo"
"241","Byrom 2002","p074","ferret","Mustela furo","Mustela furo"
"242","Engh et al. 2002","p075","spotted hyena","Crocuta crocuta","Crocuta crocuta"
"243","Goldizen et al. 2002","p076","tasmanian native hen","Gallinula mortierii","Gallinula mortierii"
"244","Goldizen et al. 2002","p076","tasmanian native hen","Gallinula mortierii","Gallinula mortierii"
"245","Goldizen et al. 2002","p076","tasmanian native hen","Gallinula mortierii","Gallinula mortierii"
"246","Goldizen et al. 2002","p076","tasmanian native hen","Gallinula mortierii","Gallinula mortierii"
"247","Forero et al. 2002","p077","black kite","Milvus migrans","Milvus migrans"
"248","Forero et al. 2002","p077","black kite","Milvus migrans","Milvus migrans"
"249","Forero et al. 2002","p077","black kite","Milvus migrans","Milvus migrans"
"250","Forero et al. 2002","p077","black kite","Milvus migrans","Milvus migrans"
"251","Forero et al. 2002","p077","black kite","Milvus migrans","Milvus migrans"
"252","Forero et al. 2002","p077","black kite","Milvus migrans","Milvus migrans"
"253","Forero et al. 2002","p077","black kite","Milvus migrans","Milvus migrans"
"254","Forero et al. 2002","p077","black kite","Milvus migrans","Milvus migrans"
"255","Danchin & Cam 2002","p078","kittiwake","Rissa tridactyla","Rissa tridactyla"
"256","Dique et al. 2003","p079","koala","Phascolarctos cinereus","Phascolarctos cinereus"
"257","Dique et al. 2003","p079","koala","Phascolarctos cinereus","Phascolarctos cinereus"
"258","Dique et al. 2003","p079","koala","Phascolarctos cinereus","Phascolarctos cinereus"
"259","Dique et al. 2003","p079","koala","Phascolarctos cinereus","Phascolarctos cinereus"
"260","Lee & Vaughan 2003","p080","black bear","Ursus americanus","Ursus americanus"
"261","Shutler & Clark 2003","p081","tree swallow","Tachycineta bicolor","Tachycineta bicolor"
"262","Shutler & Clark 2003","p081","tree swallow","Tachycineta bicolor","Tachycineta bicolor"
"263","Shutler & Clark 2003","p081","tree swallow","Tachycineta bicolor","Tachycineta bicolor"
"264","Townsend et al. 2003","p082","northern bobwhite","Colinus virginianus","Colinus virginianus"
"265","Pasinelli et al. 2004","p083","red-cockaded woodpecker","Picoides borealis","Picoides borealis"
"266","Pasinelli et al. 2004","p083","red-cockaded woodpecker","Picoides borealis","Picoides borealis"
"267","Pasinelli et al. 2004","p083","red-cockaded woodpecker","Picoides borealis","Picoides borealis"
"268","Pasinelli et al. 2004","p083","red-cockaded woodpecker","Picoides borealis","Picoides borealis"
"269","Pasinelli et al. 2004","p083","red-cockaded woodpecker","Picoides borealis","Picoides borealis"
"270","Pasinelli et al. 2004","p083","red-cockaded woodpecker","Picoides borealis","Picoides borealis"
"271","Kamler et al. 2004","p084","swift fox","Vulpes velox","Vulpes velox"
"272","Withey & Marzluff 2005","p085","american crow","Corvus brachyrhynchos","Corvus brachyrhynchos"
"273","Williams & Rabenold 2005","p086","brown jay","Cyanocorax morio","Cyanocorax morio"
"274","Williams & Rabenold 2005","p086","brown jay","Cyanocorax morio","Cyanocorax morio"
"275","Ward & Weatherhead 2005","p087","yellow-headed blackbird","Xanthocephalus xanthocephalus","Xanthocephalus xanthocephalus"
"276","Ward & Weatherhead 2005","p087","yellow-headed blackbird","Xanthocephalus xanthocephalus","Xanthocephalus xanthocephalus"
"277","Shaw et al. 2006","p088","white-tailed deer","Odocoileus virginianus","Odocoileus virginianus"
"278","Kojola et al. 2006","p089","gray wolf","Canis lupus & Canis lupus arabs","Canis lupus"
"279","Tschirren et al. 2007","p090","great tit","Parus major","Parus major"
"280","Tschirren et al. 2007","p090","great tit","Parus major","Parus major"
"281","Ridley & Raihani 2007","p091","pied babbler","Turdoides bicolor","Turdoides bicolor"
"282","Linkhart & Reynolds 2007","p092","flammulated owl","Otus flammeolus","Otus flammeolus"
"283","Blanco & Cortés 2007","p093","gray wolf","Canis lupus & Canis lupus arabs","Canis lupus"
"284","Blanco & Cortés 2007","p093","gray wolf","Canis lupus & Canis lupus arabs","Canis lupus"
"285","Ausband & Foresman 2007","p094","swift fox","Vulpes velox","Vulpes velox"
"286","Soulsbury et al. 2008","p095","red fox","Vulpes vulpes","Vulpes vulpes"
"287","Soulsbury et al. 2008","p095","red fox","Vulpes vulpes","Vulpes vulpes"
"288","Soulsbury et al. 2008","p095","red fox","Vulpes vulpes","Vulpes vulpes"
"289","Soulsbury et al. 2008","p095","red fox","Vulpes vulpes","Vulpes vulpes"
"290","Soulsbury et al. 2008","p095","red fox","Vulpes vulpes","Vulpes vulpes"
"291","Soulsbury et al. 2008","p095","red fox","Vulpes vulpes","Vulpes vulpes"
"292","Soulsbury et al. 2008","p095","red fox","Vulpes vulpes","Vulpes vulpes"
"293","Soulsbury et al. 2008","p095","red fox","Vulpes vulpes","Vulpes vulpes"
"294","Soulsbury et al. 2008","p095","red fox","Vulpes vulpes","Vulpes vulpes"
"295","Soulsbury et al. 2008","p095","red fox","Vulpes vulpes","Vulpes vulpes"
"296","Eeva et al. 2008","p096","pied flycatcher","Ficedula hypoleuca","Ficedula hypoleuca"
"297","Brown et al. 2008","p097","cliff swallow","Petrochelidon pyrrhonota","Petrochelidon pyrrhonota"
"298","Brown et al. 2008","p097","cliff swallow","Petrochelidon pyrrhonota","Petrochelidon pyrrhonota"
"299","Griesser et al. 2008","p098","siberian jay","Perisoreus infaustus","Perisoreus infaustus"
"300","Goodrich et al. 2008","p099","amur tiger","Panthera tigris & Panthera tigris tigris","Panthera tigris"
"301","Robbins et al. 2009","p100","mountain gorilla","Gorilla beringei beringei","Gorilla beringei beringei"
"302","Pärn et al. 2009","p101","house sparrow","Passer domesticus","Passer domesticus"
"303","Pärn et al. 2009","p101","house sparrow","Passer domesticus","Passer domesticus"
"304","Pärn et al. 2009","p101","house sparrow","Passer domesticus","Passer domesticus"
"305","Pärn et al. 2009","p101","house sparrow","Passer domesticus","Passer domesticus"
"306","Pärn et al. 2009","p101","house sparrow","Passer domesticus","Passer domesticus"
"307","Pärn et al. 2009","p101","house sparrow","Passer domesticus","Passer domesticus"
"308","Pärn et al. 2009","p101","house sparrow","Passer domesticus","Passer domesticus"
"309","Estes-Zumpf & Rachlow 2009","p102","pygmy rabbit","Brachylagus idahoensis","Brachylagus idahoensis"
"310","Estes-Zumpf & Rachlow 2009","p102","pygmy rabbit","Brachylagus idahoensis","Brachylagus idahoensis"
"311","Devillard & Bray 2009","p103","european hare","Lepus europaeus","Lepus europaeus"
"312","Devillard & Bray 2009","p103","european hare","Lepus europaeus","Lepus europaeus"
"313","Johnson et al. 2010","p104","bobcat","Lynx rufus","Lynx rufus"
"314","Chaput-Bardy et al. 2010","p105","banded damselfly","Calopteryx splendens","Calopteryx splendens"
"315","Dykstra et al. 2004","p106","red-shouldered hawk","Buteo lineatus","Buteo lineatus"
"316","Ferreras et al. 2004","p107","iberian lynx","Lynx pardinus","Lynx pardinus"
"317","Ferreras et al. 2004","p107","iberian lynx","Lynx pardinus","Lynx pardinus"
"318","Ferreras et al. 2004","p107","iberian lynx","Lynx pardinus","Lynx pardinus"
"319","Ferreras et al. 2004","p107","iberian lynx","Lynx pardinus","Lynx pardinus"
"320","Ferreras et al. 2004","p107","iberian lynx","Lynx pardinus","Lynx pardinus"
"321","Ferreras et al. 2004","p107","iberian lynx","Lynx pardinus","Lynx pardinus"
"322","Ferreras et al. 2004","p107","iberian lynx","Lynx pardinus","Lynx pardinus"
"323","Ferreras et al. 2004","p107","iberian lynx","Lynx pardinus","Lynx pardinus"
"324","Ferreras et al. 2004","p107","iberian lynx","Lynx pardinus","Lynx pardinus"
"325","Ferreras et al. 2004","p107","iberian lynx","Lynx pardinus","Lynx pardinus"
"326","Ferreras et al. 2004","p107","iberian lynx","Lynx pardinus","Lynx pardinus"
"327","Gienapp & Merilä 2011","p108","siberian jay","Perisoreus infaustus","Perisoreus infaustus"
"328","Gienapp & Merilä 2011","p108","siberian jay","Perisoreus infaustus","Perisoreus infaustus"
"329","Coulton et al. 2011","p109","mallard","Anas platyrhynchos","Anas platyrhynchos"
"330","Bloom et al. 2011","p110","red-shouldered hawk","Buteo lineatus","Buteo lineatus"
"331","Selonen & Hanski 2012","p111","siberian flying squirrel","Pteromys volans","Pteromys volans"
"332","Tarwater & Beissinger 2012","p112","green-rumped parrotlet","Forpus passerinus","Forpus passerinus"
"333","Tarwater & Beissinger 2012","p112","green-rumped parrotlet","Forpus passerinus","Forpus passerinus"
"334","Tarwater & Beissinger 2012","p112","green-rumped parrotlet","Forpus passerinus","Forpus passerinus"
"335","Serrano & Tella 2012","p113","lesser kestrel","Falco naumanni","Falco naumanni"
"336","Serrano & Tella 2012","p113","lesser kestrel","Falco naumanni","Falco naumanni"
"337","Briggs et al. 2012","p114","swainson's hawk","Buteo swainsoni","Buteo swainsoni"
"338","Briggs et al. 2012","p114","swainson's hawk","Buteo swainsoni","Buteo swainsoni"
"339","Molina-Morales et al. 2012","p115","common magpie","Pica pica","Pica pica"
"340","Molina-Morales et al. 2012","p115","common magpie","Pica pica","Pica pica"
"341","Molina-Morales et al. 2012","p115","common magpie","Pica pica","Pica pica"
"342","Molina-Morales et al. 2012","p115","common magpie","Pica pica","Pica pica"
"343","Molina-Morales et al. 2012","p115","common magpie","Pica pica","Pica pica"
"344","Avril et al. 2012","p116","european hare","Lepus europaeus","Lepus europaeus"
"345","Avril et al. 2012","p116","european hare","Lepus europaeus","Lepus europaeus"
"346","Avril et al. 2012","p116","european hare","Lepus europaeus","Lepus europaeus"
"347","Avril et al. 2012","p116","european hare","Lepus europaeus","Lepus europaeus"
"348","Waser et al. 2013","p117","banner-tailed kangaroo rat","Dipodomys spectabilis","Dipodomys spectabilis"
"349","Waser et al. 2013","p117","banner-tailed kangaroo rat","Dipodomys spectabilis","Dipodomys spectabilis"
"350","Waser et al. 2013","p117","banner-tailed kangaroo rat","Dipodomys spectabilis","Dipodomys spectabilis"
"351","Waser et al. 2013","p117","banner-tailed kangaroo rat","Dipodomys spectabilis","Dipodomys spectabilis"
"352","Waser et al. 2013","p117","banner-tailed kangaroo rat","Dipodomys spectabilis","Dipodomys spectabilis"
"353","Waser et al. 2013","p117","banner-tailed kangaroo rat","Dipodomys spectabilis","Dipodomys spectabilis"
"354","Waser et al. 2013","p117","banner-tailed kangaroo rat","Dipodomys spectabilis","Dipodomys spectabilis"
"355","Waser et al. 2013","p117","banner-tailed kangaroo rat","Dipodomys spectabilis","Dipodomys spectabilis"
"356","Waser et al. 2013","p117","banner-tailed kangaroo rat","Dipodomys spectabilis","Dipodomys spectabilis"
"357","Waser et al. 2013","p117","banner-tailed kangaroo rat","Dipodomys spectabilis","Dipodomys spectabilis"
"358","Newby et al. 2013","p118","puma","Puma concolor","Puma concolor"
"359","Nevoux et al. 2013","p119","mauritius kestrel","Falco punctatus","Falco punctatus"
"360","Nevoux et al. 2013","p119","mauritius kestrel","Falco punctatus","Falco punctatus"
"361","Nevoux et al. 2013","p119","mauritius kestrel","Falco punctatus","Falco punctatus"
"362","Nevoux et al. 2013","p119","mauritius kestrel","Falco punctatus","Falco punctatus"
"363","Nevoux et al. 2013","p119","mauritius kestrel","Falco punctatus","Falco punctatus"
"364","Nevoux et al. 2013","p119","mauritius kestrel","Falco punctatus","Falco punctatus"
"365","Nevoux et al. 2013","p119","mauritius kestrel","Falco punctatus","Falco punctatus"
"366","Nevoux et al. 2013","p119","mauritius kestrel","Falco punctatus","Falco punctatus"
"367","Nevoux et al. 2013","p119","mauritius kestrel","Falco punctatus","Falco punctatus"
"368","Nevoux et al. 2013","p119","mauritius kestrel","Falco punctatus","Falco punctatus"
"369","Cline et al. 2013","p120","black-throated blue warbler","Setophaga caerulescens","Setophaga caerulescens"
"370","Cline et al. 2013","p120","black-throated blue warbler","Setophaga caerulescens","Setophaga caerulescens"
"371","Martin et al. 2014","p121","black sparrowhawk","Accipiter melanoleucus","Accipiter melanoleucus"
"372","Martin et al. 2014","p121","black sparrowhawk","Accipiter melanoleucus","Accipiter melanoleucus"
"373","García-Navas et al. 2014","p122","blue tit","Cyanistes caeruleus","Cyanistes caeruleus"
"374","García-Navas et al. 2014","p122","blue tit","Cyanistes caeruleus","Cyanistes caeruleus"
"375","García-Navas et al. 2014","p122","blue tit","Cyanistes caeruleus","Cyanistes caeruleus"
"376","García-Navas et al. 2014","p122","blue tit","Cyanistes caeruleus","Cyanistes caeruleus"
"377","García-Navas et al. 2014","p122","blue tit","Cyanistes caeruleus","Cyanistes caeruleus"
"378","García-Navas et al. 2014","p122","blue tit","Cyanistes caeruleus","Cyanistes caeruleus"
"379","García-Navas et al. 2014","p122","blue tit","Cyanistes caeruleus","Cyanistes caeruleus"
"380","García-Navas et al. 2014","p122","blue tit","Cyanistes caeruleus","Cyanistes caeruleus"
"381","García-Navas et al. 2014","p122","blue tit","Cyanistes caeruleus","Cyanistes caeruleus"
"382","García-Navas et al. 2014","p122","blue tit","Cyanistes caeruleus","Cyanistes caeruleus"
"383","García-Navas et al. 2014","p122","blue tit","Cyanistes caeruleus","Cyanistes caeruleus"
"384","García-Navas et al. 2014","p122","blue tit","Cyanistes caeruleus","Cyanistes caeruleus"
"385","García-Navas et al. 2014","p122","blue tit","Cyanistes caeruleus","Cyanistes caeruleus"
"386","García-Navas et al. 2014","p122","blue tit","Cyanistes caeruleus","Cyanistes caeruleus"
"387","Cotto et al. 2015","p123","common lizard","Zootoca vivipara","Zootoca vivipara"
"388","Cotto et al. 2015","p123","common lizard","Zootoca vivipara","Zootoca vivipara"
"389","Cotto et al. 2015","p123","common lizard","Zootoca vivipara","Zootoca vivipara"
"390","Cotto et al. 2015","p123","common lizard","Zootoca vivipara","Zootoca vivipara"
"391","Cotto et al. 2015","p123","common lizard","Zootoca vivipara","Zootoca vivipara"
"392","Cotto et al. 2015","p123","common lizard","Zootoca vivipara","Zootoca vivipara"
"393","Cotto et al. 2015","p123","common lizard","Zootoca vivipara","Zootoca vivipara"
"394","Cotto et al. 2015","p123","common lizard","Zootoca vivipara","Zootoca vivipara"
"395","Cotto et al. 2015","p123","common lizard","Zootoca vivipara","Zootoca vivipara"
"396","Castaño et al. 2015","p124","black vulture","Aegypius monachus","Aegypius monachus"
"397","van Overveld et al. 2015","p125","great tit","Parus major","Parus major"
"398","van Overveld et al. 2015","p125","great tit","Parus major","Parus major"
"399","van Overveld et al. 2015","p125","great tit","Parus major","Parus major"
"400","van Overveld et al. 2015","p125","great tit","Parus major","Parus major"
"401","van Overveld et al. 2015","p125","great tit","Parus major","Parus major"
"402","van Overveld et al. 2015","p125","great tit","Parus major","Parus major"
"403","van Overveld et al. 2015","p125","great tit","Parus major","Parus major"
"404","van Overveld et al. 2015","p125","great tit","Parus major","Parus major"
"405","Manjerovic & Waterman 2015","p126","cape ground squirrel","Xerus inauris","Xerus inauris"
"406","Fasciolo et al. 2016","p127","eagle owl","Bubo bubo","Bubo bubo"
"407","Fasciolo et al. 2016","p127","eagle owl","Bubo bubo","Bubo bubo"
"408","Dvidian et al. 2016","p128","spotted hyena","Crocuta crocuta","Crocuta crocuta"
"409","Dvidian et al. 2016","p128","spotted hyena","Crocuta crocuta","Crocuta crocuta"
"410","Dvidian et al. 2016","p128","spotted hyena","Crocuta crocuta","Crocuta crocuta"
"411","Pakanen et al. 2016","p129","willow tit","Poecile montanus","Poecile montanus"
"412","Pakanen et al. 2016","p129","willow tit","Poecile montanus","Poecile montanus"
"413","Åkesson et al. 2016","p130","gray wolf","Canis lupus & Canis lupus arabs","Canis lupus"
"414","Åkesson et al. 2016","p130","gray wolf","Canis lupus & Canis lupus arabs","Canis lupus"
"415","Paris et al. 2016","p131","chatham island black robin","Petroica traversi","Petroica traversi"
"416","Paris et al. 2016","p131","chatham island black robin","Petroica traversi","Petroica traversi"
"417","Récapet et al. 2016","p132","collared flycatcher","Ficedula albicollis","Ficedula albicollis"
"418","Récapet et al. 2016","p132","collared flycatcher","Ficedula albicollis","Ficedula albicollis"
"419","Récapet et al. 2016","p132","collared flycatcher","Ficedula albicollis","Ficedula albicollis"
"420","Récapet et al. 2016","p132","collared flycatcher","Ficedula albicollis","Ficedula albicollis"
"421","Récapet et al. 2016","p132","collared flycatcher","Ficedula albicollis","Ficedula albicollis"
"422","Récapet et al. 2016","p132","collared flycatcher","Ficedula albicollis","Ficedula albicollis"
"423","Récapet et al. 2016","p132","collared flycatcher","Ficedula albicollis","Ficedula albicollis"
"424","Récapet et al. 2016","p132","collared flycatcher","Ficedula albicollis","Ficedula albicollis"
"425","Kapota et al.. 2016","p133","red fox","Vulpes vulpes","Vulpes vulpes"
"426","Kapota et al.. 2016","p133","golden jackal","Canis aureus","Canis aureus"
"427","Kapota et al.. 2016","p133","golden jackal","Canis aureus","Canis aureus"
"428","Kingma et al. 2016","p134","seychelles warbler","Acrocephalus sechellensis","Acrocephalus sechellensis"
"429","Kingma et al. 2016","p134","seychelles warbler","Acrocephalus sechellensis","Acrocephalus sechellensis"
"430","García-Navas et al. 2016","p135","snow vole","Chionomys nivalis","Chionomys nivalis"
"431","García-Navas et al. 2016","p135","snow vole","Chionomys nivalis","Chionomys nivalis"
"432","Walters & Garcia 2016","p136","red-cockaded woodpecker","Picoides borealis","Picoides borealis"
"433","Walters & Garcia 2016","p136","red-cockaded woodpecker","Picoides borealis","Picoides borealis"
"434","Walters & Garcia 2016","p136","red-cockaded woodpecker","Picoides borealis","Picoides borealis"
"435","Walters & Garcia 2016","p136","red-cockaded woodpecker","Picoides borealis","Picoides borealis"
"436","Veenstra & Byrne 1999","p137","sweet potato whitefly","Bemisia tabaci","Bemisia tabaci"
"437","Veenstra & Byrne 1999","p137","sweet potato whitefly","Bemisia tabaci","Bemisia tabaci"
"438","Veenstra & Byrne 1999","p137","sweet potato whitefly","Bemisia tabaci","Bemisia tabaci"
"439","Veenstra & Byrne 1999","p137","sweet potato whitefly","Bemisia tabaci","Bemisia tabaci"
"440","Récapet et al. 2017","p138","collared flycatcher","Ficedula albicollis","Ficedula albicollis"
"441","Récapet et al. 2017","p138","collared flycatcher","Ficedula albicollis","Ficedula albicollis"
"442","Germain et al. 2017b","p139","collared flycatcher","Ficedula albicollis","Ficedula albicollis"
"443","Germain et al. 2017b","p139","collared flycatcher","Ficedula albicollis","Ficedula albicollis"
"444","Germain et al. 2017a","p140","collared flycatcher","Ficedula albicollis","Ficedula albicollis"
"445","Germain et al. 2017a","p140","collared flycatcher","Ficedula albicollis","Ficedula albicollis"
"446","Germain et al. 2017a","p140","collared flycatcher","Ficedula albicollis","Ficedula albicollis"
"447","Germain et al. 2017a","p140","collared flycatcher","Ficedula albicollis","Ficedula albicollis"
"448","Keppie 2004","p141","spruce grouse","Falcipennis canadensis","Falcipennis canadensis"
"449","Keppie 2004","p141","spruce grouse","Falcipennis canadensis","Falcipennis canadensis"
"450","Keppie 2004","p141","spruce grouse","Falcipennis canadensis","Falcipennis canadensis"
"451","Keppie 2004","p141","spruce grouse","Falcipennis canadensis","Falcipennis canadensis"
"452","Terraube et al. 2015","p142","eurasian kestrel","Falco tinnunculus","Falco tinnunculus"
"453","Terraube et al. 2015","p142","eurasian kestrel","Falco tinnunculus","Falco tinnunculus"
"454","Terraube et al. 2015","p142","eurasian kestrel","Falco tinnunculus","Falco tinnunculus"
"455","Terraube et al. 2015","p142","eurasian kestrel","Falco tinnunculus","Falco tinnunculus"
"456","Nelson-Flower et al. 2018","p143","southern pied babblers","Turdoides bicolor","Turdoides bicolor"
"457","Nelson-Flower et al. 2018","p143","southern pied babblers","Turdoides bicolor","Turdoides bicolor"
"458","Parthasarathy & Somanathan 2018","p144","indian cooperative spider","Stegodyphus sarasinorum","Stegodyphus sarasinorum"
"459","Parthasarathy & Somanathan 2018","p144","indian cooperative spider","Stegodyphus sarasinorum","Stegodyphus sarasinorum"
"460","Parthasarathy & Somanathan 2018","p144","indian cooperative spider","Stegodyphus sarasinorum","Stegodyphus sarasinorum"
"461","Qu et al. 2018","p145","plateau pika","Ochotona curzoniae","Ochotona curzoniae"
"462","Qu et al. 2018","p145","plateau pika","Ochotona curzoniae","Ochotona curzoniae"
"463","Jundong et al. 2018","p146","taihangshan macaque","Macaca mulatta tcheliensis","Macaca mulatta"
"464","Green & Hatchwell 2018","p147","long-tailed tit","Aegithalos caudatus","Aegithalos caudatus"
"465","Green & Hatchwell 2018","p147","long-tailed tit","Aegithalos caudatus","Aegithalos caudatus"
"466","Morton et al. 2018","p148","peregrine falcon","Falco peregrinus","Falco peregrinus"
"467","Morton et al. 2018","p148","peregrine falcon","Falco peregrinus","Falco peregrinus"
"468","Russell & Rowley 2000","p149","red-winged fairy-wren","Malurus elegans","Malurus elegans"
"469","Russell & Rowley 2000","p149","red-winged fairy-wren","Malurus elegans","Malurus elegans"
"470","Botero-Delgadillo et al. 2019","p150","thorn-tailed rayadito","Aphrastura spinicauda","Aphrastura spinicauda"
"471","Botero-Delgadillo et al. 2019","p150","thorn-tailed rayadito","Aphrastura spinicauda","Aphrastura spinicauda"
"472","Botero-Delgadillo et al. 2019","p150","thorn-tailed rayadito","Aphrastura spinicauda","Aphrastura spinicauda"
"473","Williams & Boyle 2023","p151","grasshopper sparrows","Ammodramus savannarum","Ammodramus savannarum"
"474","Manguette et al. 2019","p152","western lowland gorilla","Gorilla gorilla gorilla","Gorilla gorilla gorilla"
"475","Manguette et al. 2019","p152","western lowland gorilla","Gorilla gorilla gorilla","Gorilla gorilla gorilla"
"476","Johnson et al. 2019","p153","cliff swallow","Petrochelidon pyrrhonota","Petrochelidon pyrrhonota"
"477","Haus et al. 2019","p154","white-tailed deer","Odocoileus virginianus","Odocoileus virginianus"
"478","Debeffe et al. 2015","p155","horse","Equus caballus","Equus caballus"
"479","Debeffe et al. 2015","p155","horse","Equus caballus","Equus caballus"
"480","Bhaumik & Junte 2020","p157","common emigrant","Catopsilia pomona","Catopsilia pomona"
"481","Bhaumik & Junte 2020","p157","mottled emigrant","Catopsilia pyranthe","Catopsilia pyranthe"
"482","Gabriele et al. 2020","p158","african wild dog","Lycaon pictus","Lycaon pictus"
"483","Gabriele et al. 2020","p158","african wild dog","Lycaon pictus","Lycaon pictus"
"484","Schaub & von Hirschheydt 2009","p159","barn swallow","Hirundo rustica","Hirundo rustica"
"485","Schaub & von Hirschheydt 2009","p159","barn swallow","Hirundo rustica","Hirundo rustica"
"486","Hebblewhite & Whittington 2020","p160","gray wolf","Canis lupus & Canis lupus arabs","Canis lupus"
"487","Martinig et al. 2020","p161","north american red squirrel","Tamiasciurus hudsonicus","Tamiasciurus hudsonicus"
"488","Martinig et al. 2020","p161","north american red squirrel","Tamiasciurus hudsonicus","Tamiasciurus hudsonicus"
"489","Martinig et al. 2020","p161","north american red squirrel","Tamiasciurus hudsonicus","Tamiasciurus hudsonicus"
"490","Martinig et al. 2020","p161","north american red squirrel","Tamiasciurus hudsonicus","Tamiasciurus hudsonicus"
"491","Martinig et al. 2020","p161","north american red squirrel","Tamiasciurus hudsonicus","Tamiasciurus hudsonicus"
"492","Martinig et al. 2020","p161","north american red squirrel","Tamiasciurus hudsonicus","Tamiasciurus hudsonicus"
"493","Martinig et al. 2020","p161","north american red squirrel","Tamiasciurus hudsonicus","Tamiasciurus hudsonicus"
"494","Martinig et al. 2020","p161","north american red squirrel","Tamiasciurus hudsonicus","Tamiasciurus hudsonicus"
"495","Martinig et al. 2020","p161","north american red squirrel","Tamiasciurus hudsonicus","Tamiasciurus hudsonicus"
"496","Martinig et al. 2020","p161","north american red squirrel","Tamiasciurus hudsonicus","Tamiasciurus hudsonicus"
"497","Martinig et al. 2020","p161","north american red squirrel","Tamiasciurus hudsonicus","Tamiasciurus hudsonicus"
"498","Martinig et al. 2020","p161","north american red squirrel","Tamiasciurus hudsonicus","Tamiasciurus hudsonicus"
"499","Martinig et al. 2020","p161","north american red squirrel","Tamiasciurus hudsonicus","Tamiasciurus hudsonicus"
"500","Martinig et al. 2020","p161","north american red squirrel","Tamiasciurus hudsonicus","Tamiasciurus hudsonicus"
"501","Martinig et al. 2020","p161","north american red squirrel","Tamiasciurus hudsonicus","Tamiasciurus hudsonicus"
"502","Martinig et al. 2020","p161","north american red squirrel","Tamiasciurus hudsonicus","Tamiasciurus hudsonicus"
"503","Martinig et al. 2020","p161","north american red squirrel","Tamiasciurus hudsonicus","Tamiasciurus hudsonicus"
"504","Martinig et al. 2020","p161","north american red squirrel","Tamiasciurus hudsonicus","Tamiasciurus hudsonicus"
"505","Öst et al. 2011","p162","eider","Somateria mollissima","Somateria mollissima"
"506","Woodroffe et al. 2020","p163","african wild dog","Lycaon pictus","Lycaon pictus"
"507","Plummer et al. 2020","p164","red-bellied mudsnake","Farancia abacura","Farancia abacura"
"508","Luna et al. 2020","p165","burrowing owl","Athene cunicularia","Athene cunicularia"
"509","Luna et al. 2020","p165","burrowing owl","Athene cunicularia","Athene cunicularia"
"510","Nicolaus et al. 2019","p166","pied flycatcher","Ficedula hypoleuca","Ficedula hypoleuca"
"511","Nicolaus et al. 2019","p166","pied flycatcher","Ficedula hypoleuca","Ficedula hypoleuca"
"512","Wiebe 2020","p167","northern flicker","Colaptes auratus","Colaptes auratus"
"513","Wiebe 2020","p167","northern flicker","Colaptes auratus","Colaptes auratus"
"514","Fuirst et al. 2021","p168","canada jay","Perisoreus canadensis","Perisoreus canadensis"
"515","Fuirst et al. 2021","p168","canada jay","Perisoreus canadensis","Perisoreus canadensis"
"516","Fuirst et al. 2021","p168","canada jay","Perisoreus canadensis","Perisoreus canadensis"
"517","Fuirst et al. 2021","p168","canada jay","Perisoreus canadensis","Perisoreus canadensis"
"518","Warren et al. 2017","p169","southeastern pocket gopher","Geomys pinetis","Geomys pinetis"
"519","Irwin et al. 2021","p170","red-fronted parakeets","Cyanoramphus novaezelandiae","Cyanoramphus novaezelandiae"
"520","Harrison et al. 2021","p171","meerkat","Suricata suricatta","Suricata suricatta"
"521","Harrison et al. 2021","p171","meerkat","Suricata suricatta","Suricata suricatta"
"522","Harrison et al. 2021","p171","meerkat","Suricata suricatta","Suricata suricatta"
"523","Harrison et al. 2021","p171","meerkat","Suricata suricatta","Suricata suricatta"
"524","Harrison et al. 2021","p171","meerkat","Suricata suricatta","Suricata suricatta"
"525","Marzluff et al. 2016","p172","songbird (bewick's wren, dark-eyed junco, spotted towhee, song sparrow)","Passeriformes","Junco hyemalis"
"526","Marzluff et al. 2016","p172","songbird (bewick's wren, dark-eyed junco, spotted towhee, song sparrow)","Passeriformes","Junco hyemalis"
"527","Marzluff et al. 2016","p172","songbird (bewick's wren, dark-eyed junco, spotted towhee, song sparrow)","Passeriformes","Junco hyemalis"
"528","Marzluff et al. 2016","p172","songbird (bewick's wren, dark-eyed junco, spotted towhee, song sparrow)","Passeriformes","Junco hyemalis"
"529","Bensch et al. 1998","p173","great reed warbler","Acrocephalus arundinaceus","Acrocephalus arundinaceus"
"530","Bensch et al. 1998","p173","great reed warbler","Acrocephalus arundinaceus","Acrocephalus arundinaceus"
"531","Bensch et al. 1998","p173","great reed warbler","Acrocephalus arundinaceus","Acrocephalus arundinaceus"
"532","Bensch et al. 1998","p173","great reed warbler","Acrocephalus arundinaceus","Acrocephalus arundinaceus"
"533","Bensch et al. 1998","p173","great reed warbler","Acrocephalus arundinaceus","Acrocephalus arundinaceus"
"534","Bensch et al. 1998","p173","great reed warbler","Acrocephalus arundinaceus","Acrocephalus arundinaceus"
"535","Orell et al. 1999","p174","willow tit","Poecile montanus","Poecile montanus"
"536","Orell et al. 1999","p174","willow tit","Poecile montanus","Poecile montanus"
"537","Orell et al. 1999","p174","willow tit","Poecile montanus","Poecile montanus"
"538","Orell et al. 1999","p174","willow tit","Poecile montanus","Poecile montanus"
"539","Orell et al. 1999","p174","willow tit","Poecile montanus","Poecile montanus"
"540","Orell et al. 1999","p174","willow tit","Poecile montanus","Poecile montanus"
"541","Orell et al. 1999","p174","willow tit","Poecile montanus","Poecile montanus"
"542","Orell et al. 1999","p174","willow tit","Poecile montanus","Poecile montanus"
"543","Orell et al. 1999","p174","willow tit","Poecile montanus","Poecile montanus"
"544","Orell et al. 1999","p174","willow tit","Poecile montanus","Poecile montanus"
"545","Julliard et al. 1996","p175","blue tit","Cyanistes caeruleus","Cyanistes caeruleus"
"546","Julliard et al. 1996","p175","blue tit","Cyanistes caeruleus","Cyanistes caeruleus"
"547","Julliard et al. 1996","p175","blue tit","Cyanistes caeruleus","Cyanistes caeruleus"
"548","Josi et al. 2021","p176","striped brichardi","Neolamprologus savoryi","Neolamprologus savoryi"
"549","Josi et al. 2021","p176","striped brichardi","Neolamprologus savoryi","Neolamprologus savoryi"
"550","Pittman & Bartoszek 2021","p177","burmese python","Python bivittatus","Python bivittatus"
"551","Pittman & Bartoszek 2021","p177","burmese python","Python bivittatus","Python bivittatus"
"552","Long et al. 2021","p178","white-tailed deer","Odocoileus virginianus","Odocoileus virginianus"
"553","Long et al. 2021","p178","white-tailed deer","Odocoileus virginianus","Odocoileus virginianus"
"554","Novoa et al. 2021","p179","rock ptarmigan","Lagopus muta","Lagopus muta"
"555","McCleery & Clobert 1990","p180","great tit","Parus major","Parus major"
"556","McCleery & Clobert 1990","p180","great tit","Parus major","Parus major"
"557","McCleery & Clobert 1990","p180","great tit","Parus major","Parus major"
"558","McCleery & Clobert 1990","p180","great tit","Parus major","Parus major"
"559","Marr et al. 2002","p181","song sparrow","Melospiza melodia","Melospiza melodia"
"560","Marr et al. 2003","p181","song sparrow","Melospiza melodia","Melospiza melodia"
"561","Marr et al. 2004","p181","song sparrow","Melospiza melodia","Melospiza melodia"
"562","Marr et al. 2005","p181","song sparrow","Melospiza melodia","Melospiza melodia"
"563","Marr et al. 2005","p181","song sparrow","Melospiza melodia","Melospiza melodia"
"564","Marr et al. 2006","p181","song sparrow","Melospiza melodia","Melospiza melodia"
"565","Marr et al. 2007","p181","song sparrow","Melospiza melodia","Melospiza melodia"
"566","Marr et al. 2008","p181","song sparrow","Melospiza melodia","Melospiza melodia"
"567","Marr et al. 2009","p181","song sparrow","Melospiza melodia","Melospiza melodia"
"568","Marr et al. 2010","p181","song sparrow","Melospiza melodia","Melospiza melodia"
"569","Marr et al. 2010","p181","song sparrow","Melospiza melodia","Melospiza melodia"
"570","Pakanen et al. 2022","p182","southern dunlin","Calidris alpina schinzii","Calidris alpina"
"571","Pakanen et al. 2022","p182","southern dunlin","Calidris alpina schinzii","Calidris alpina"
"572","Shah & Rubenstein 2022","p183","superb starling","Lamprotornis superbus","Lamprotornis superbus"
"573","Shah & Rubenstein 2022","p183","superb starling","Lamprotornis superbus","Lamprotornis superbus"
"574","Shah & Rubenstein 2022","p183","superb starling","Lamprotornis superbus","Lamprotornis superbus"
"575","Shah & Rubenstein 2022","p183","superb starling","Lamprotornis superbus","Lamprotornis superbus"
"576","Shah & Rubenstein 2022","p183","superb starling","Lamprotornis superbus","Lamprotornis superbus"
"577","Shah & Rubenstein 2022","p183","superb starling","Lamprotornis superbus","Lamprotornis superbus"
"578","Wheelwright & Mauck 1998","p184","savannah sparrows","Passerculus sandwichensis","Passerculus sandwichensis"
"579","Wheelwright & Mauck 1998","p184","savannah sparrows","Passerculus sandwichensis","Passerculus sandwichensis"
"580","Wheelwright & Mauck 1998","p184","savannah sparrows","Passerculus sandwichensis","Passerculus sandwichensis"
"581","Wheelwright & Mauck 1998","p184","savannah sparrows","Passerculus sandwichensis","Passerculus sandwichensis"
"582","Wheelwright & Mauck 1998","p184","savannah sparrows","Passerculus sandwichensis","Passerculus sandwichensis"
"583","Wheelwright & Mauck 1998","p184","savannah sparrows","Passerculus sandwichensis","Passerculus sandwichensis"
"584","Wheelwright & Mauck 1998","p184","savannah sparrows","Passerculus sandwichensis","Passerculus sandwichensis"
"585","Wheelwright & Mauck 1998","p184","savannah sparrows","Passerculus sandwichensis","Passerculus sandwichensis"
"586","Wheelwright & Mauck 1998","p184","savannah sparrows","Passerculus sandwichensis","Passerculus sandwichensis"
"587","Wheelwright & Mauck 1998","p184","savannah sparrows","Passerculus sandwichensis","Passerculus sandwichensis"
"588","Wheelwright & Mauck 1998","p184","savannah sparrows","Passerculus sandwichensis","Passerculus sandwichensis"
"589","Wheelwright & Mauck 1998","p184","savannah sparrows","Passerculus sandwichensis","Passerculus sandwichensis"
"590","Otterbeck et al. 2022","p185","goshawk","Accipiter gentilis","Accipiter gentilis"
"591","Fargallo & López-Rull 2022","p186","common kestrel","Falco tinnunculus","Falco tinnunculus"
"592","Fargallo & López-Rull 2022","p186","common kestrel","Falco tinnunculus","Falco tinnunculus"
"593","Fargallo & López-Rull 2022","p186","common kestrel","Falco tinnunculus","Falco tinnunculus"
"594","Fargallo & López-Rull 2022","p186","common kestrel","Falco tinnunculus","Falco tinnunculus"
"595","Fargallo & López-Rull 2022","p186","common kestrel","Falco tinnunculus","Falco tinnunculus"
"596","Fargallo & López-Rull 2022","p186","common kestrel","Falco tinnunculus","Falco tinnunculus"
"597","Fargallo & López-Rull 2022","p186","common kestrel","Falco tinnunculus","Falco tinnunculus"
"598","Fargallo & López-Rull 2022","p186","common kestrel","Falco tinnunculus","Falco tinnunculus"
"599","Byrne et al. 2022","p187","wild turkey","Meleagris gallopavo","Meleagris gallopavo"
"600","Borges et al. 2022","p188","trinidadian guppy","Poecilia reticulata","Poecilia reticulata"
"601","Borges et al. 2022","p188","trinidadian guppy","Poecilia reticulata","Poecilia reticulata"
"602","Campera et al. 2020","p189","javan slow loris","Nycticebus javanicus","Nycticebus javanicus"
"603","DiLeo et al. 2022","p190","glanville fritillary butterfly","Melitaea cinxia","Melitaea cinxia"
"604","Verhulst & van Eck 1996","p191","great tit","Parus major","Parus major"
"605","Verhulst & van Eck 1996","p191","great tit","Parus major","Parus major"
"606","Maag et al. 2022","p192","meerkat","Suricata suricatta","Suricata suricatta"
"607","Maag et al. 2022","p192","meerkat","Suricata suricatta","Suricata suricatta"
"608","Maag et al. 2022","p192","meerkat","Suricata suricatta","Suricata suricatta"
"609","Maag et al. 2022","p192","meerkat","Suricata suricatta","Suricata suricatta"
"610","Maag et al. 2022","p192","meerkat","Suricata suricatta","Suricata suricatta"
"611","Ostreiher et al. 2022","p193","arabian babbler","Argya squamiceps","Argya squamiceps"
"612","Ostreiher et al. 2022","p193","arabian babbler","Argya squamiceps","Argya squamiceps"
"613","Barbraud & Delord 2023","p194","southern fulmar","Fulmarus glacialoides","Fulmarus glacialoides"
"614","Barbraud & Delord 2023","p194","southern fulmar","Fulmarus glacialoides","Fulmarus glacialoides"
"615","Barbraud & Delord 2023","p194","snow petrel","Pagodroma nivea","Pagodroma nivea"
"616","Barbraud & Delord 2023","p194","snow petrel","Pagodroma nivea","Pagodroma nivea"
"617","Barbraud & Delord 2023","p194","snow petrel","Pagodroma nivea","Pagodroma nivea"
"618","Barbraud & Delord 2023","p194","snow petrel","Pagodroma nivea","Pagodroma nivea"
"619","Barbraud & Delord 2023","p194","wandering albatross","Diomedea exulans","Diomedea exulans"
"620","Barbraud & Delord 2023","p194","wandering albatross","Diomedea exulans","Diomedea exulans"
"621","Barbraud & Delord 2023","p194","wandering albatross","Diomedea exulans","Diomedea exulans"
"622","Barbraud & Delord 2023","p194","wandering albatross","Diomedea exulans","Diomedea exulans"
"623","Hansen et al. 2023","p195","brown bear","Ursus arctos","Ursus arctos"
"624","Hansen et al. 2023","p195","brown bear","Ursus arctos","Ursus arctos"
"625","Hansen et al. 2023","p195","brown bear","Ursus arctos","Ursus arctos"
"626","Nitsch et al. 2023","p196","human","Homo sapiens sapiens","Homo sapiens sapiens"
"627","Nitsch et al. 2023","p196","human","Homo sapiens sapiens","Homo sapiens sapiens"
"628","Nitsch et al. 2023","p196","human","Homo sapiens sapiens","Homo sapiens sapiens"
"629","Nitsch et al. 2023","p196","human","Homo sapiens sapiens","Homo sapiens sapiens"
"630","Nitsch et al. 2023","p196","human","Homo sapiens sapiens","Homo sapiens sapiens"
"631","Nitsch et al. 2023","p196","human","Homo sapiens sapiens","Homo sapiens sapiens"
"632","Nitsch et al. 2023","p196","human","Homo sapiens sapiens","Homo sapiens sapiens"
"633","Nitsch et al. 2023","p196","human","Homo sapiens sapiens","Homo sapiens sapiens"
"634","Nitsch et al. 2023","p196","human","Homo sapiens sapiens","Homo sapiens sapiens"
"635","Nitsch et al. 2023","p196","human","Homo sapiens sapiens","Homo sapiens sapiens"
"636","Nitsch et al. 2023","p196","human","Homo sapiens sapiens","Homo sapiens sapiens"
"637","Nitsch et al. 2023","p196","human","Homo sapiens sapiens","Homo sapiens sapiens"
"638","Mobley et al. 2019","p197","Atlantic salmon","Salmo salar","Salmo salar"
"639","Mobley et al. 2019","p197","Atlantic salmon","Salmo salar","Salmo salar"
"640","Mobley et al. 2019","p197","Atlantic salmon","Salmo salar","Salmo salar"
"641","Mobley et al. 2019","p197","Atlantic salmon","Salmo salar","Salmo salar"
"642","Passarotto et al. 2023","p198","tawny owl","Strix aluco","Strix aluco"
"643","Passarotto et al. 2023","p198","tawny owl","Strix aluco","Strix aluco"
"644","Passarotto et al. 2023","p198","tawny owl","Strix aluco","Strix aluco"
"645","Passarotto et al. 2023","p198","tawny owl","Strix aluco","Strix aluco"
"646","Spence-Jones et al. 2021","p068","meerkat","Suricata suricatta","Suricata suricatta"
"647","Spence-Jones et al. 2021","p068","meerkat","Suricata suricatta","Suricata suricatta"
"648","Spence-Jones et al. 2021","p068","meerkat","Suricata suricatta","Suricata suricatta"
"649","Behr et al. 2022","p199","african wild dog","Lycaon pictus","Lycaon pictus"
"650","Behr et al. 2022","p199","african wild dog","Lycaon pictus","Lycaon pictus"
"651","Behr et al. 2022","p199","african wild dog","Lycaon pictus","Lycaon pictus"
"652","Behr et al. 2022","p199","african wild dog","Lycaon pictus","Lycaon pictus"
"653","Pärt 1990","p200","collared flycatcher","Ficedula albicollis","Ficedula albicollis"
"654","Pärt 1990","p200","collared flycatcher","Ficedula albicollis","Ficedula albicollis"
"655","Pärt 1990","p200","collared flycatcher","Ficedula albicollis","Ficedula albicollis"
"656","Pärt 1990","p200","collared flycatcher","Ficedula albicollis","Ficedula albicollis"
"657","Pärt 1990","p200","collared flycatcher","Ficedula albicollis","Ficedula albicollis"
"658","Pärt 1990","p200","collared flycatcher","Ficedula albicollis","Ficedula albicollis"
"659","Pärt 1990","p200","collared flycatcher","Ficedula albicollis","Ficedula albicollis"
"660","Pärt 1990","p200","collared flycatcher","Ficedula albicollis","Ficedula albicollis"
"661","Pärt 1990","p200","collared flycatcher","Ficedula albicollis","Ficedula albicollis"
"662","Pärt 1990","p200","collared flycatcher","Ficedula albicollis","Ficedula albicollis"
"663","Dickel et al. 2023","p201","song sparrow","Melospiza melodia","Melospiza melodia"
"664","Dickel et al. 2023","p201","song sparrow","Melospiza melodia","Melospiza melodia"
"665","Dickel et al. 2023","p201","song sparrow","Melospiza melodia","Melospiza melodia"
"666","Dickel et al. 2023","p201","song sparrow","Melospiza melodia","Melospiza melodia"
